idx,address,matched_street,matched_zip,matched_city,matched_state,lat,lon,score,precision,geocode_result
75,3333 burnet avenue cincinnati oh 45229,NA,NA,NA,NA,NA,NA,NA,NA,cincy_inst_foster_addr
7,501 medical drive alexandria la 71301,NA,71301,Alexandria,LA,NA,NA,0.612,zip,imprecise_geocode
227,department of neurology new york ny 10003,NA,10003,New York,NY,NA,NA,0.885,zip,imprecise_geocode
129,outpatient rehab building greenville nc 27835,NA,27835,Greenville,NC,NA,NA,0.889,zip,imprecise_geocode
275,neurology department riverside ca 92505,NA,92505,Riverside,CA,NA,NA,0.89,zip,imprecise_geocode
269,neurology foundation providence ri 02903,NA,02903,Providence,RI,NA,NA,0.893,zip,imprecise_geocode
304,department of neurology san leandro ca 94577,NA,94577,San Leandro,CA,NA,NA,0.893,zip,imprecise_geocode
325,department of neurology springfield mo 65807,NA,65807,Springfield,MO,NA,NA,0.893,zip,imprecise_geocode
214,boston ma 02114 NA,Noah Rd,37355,Noah,TN,NA,NA,0.286,street,imprecise_geocode
162,200 muir rd joanna dearlove m d,Murray Rd,19520,Joanna,PA,NA,NA,0.33,street,imprecise_geocode
329,department of neurology st louis mo 63110,St Louis Ave,63121,NA,NA,NA,NA,0.366,street,imprecise_geocode
349,pascquerilla healthcare center phc 7th floor washington dc 20007,Savannah Ter SE,20020,NA,NA,NA,NA,0.378,street,imprecise_geocode
93,1375 east 20th ave denver co 80124,E 20th Ct,80136,NA,NA,NA,NA,0.415,street,imprecise_geocode
235,university of north carolina school of medicine charlotte campus north charlotte nc 28207,University Commercial Pl,28213,NA,NA,NA,NA,0.431,street,imprecise_geocode
171,one medical center drive lebanon nh 03756,Center Rd,03773,NA,NA,NA,NA,0.466,street,imprecise_geocode
172,one medical center drive lebanon nh 03756,Center Rd,03773,NA,NA,NA,NA,0.466,street,imprecise_geocode
110,736 broadway rt 1049 fargo nd 58122,Broadway N,58102,NA,NA,NA,NA,0.482,street,imprecise_geocode
77,sci service 128 w cleveland oh 44106,Service Ct,44144,NA,NA,NA,NA,0.487,street,imprecise_geocode
212,1 medical center drive morgantown wv 26506,Medical Center Dr,26505,NA,NA,NA,NA,0.488,street,imprecise_geocode
103,804 service road east lansing mi 48824,Service Rd,48854,NA,NA,NA,NA,0.493,street,imprecise_geocode
347,1950 glenn mitchell dr virginia beach va 23456,Mitchell Dr,23421,NA,NA,37.791957,-75.575242,0.506,street,geocoded
6,2211 lomas ne albuquerque nm 87131,Lomas Ct NE,87112,NA,NA,35.087571,-106.521389,0.53,street,geocoded
116,11104 parkview circle fort wayne in 46845,Parkview Ave,46802,NA,NA,41.069299,-85.150939,0.537,street,geocoded
207,715 south 8th st minneapolis mn 55415,S 8th St,55454,NA,NA,44.965465,-93.245424,0.537,street,geocoded
287,175 n medical drive east salt lake city ut 84132,Medical Dr,84132,Salt Lake City,UT,40.769929,-111.838948,0.543,street,geocoded
137,5000 s 5th ave hines il 60141,S 5th Ave,60153,NA,NA,41.86437,-87.838316,0.545,street,geocoded
332,1201 5th avenue north st petersburg fl 33705,5th St S,33705,Saint Petersburg,FL,27.748457,-82.639484,0.547,street,geocoded
62,university hospital charlottesville va 22908,University Ct,22903,NA,NA,38.037459,-78.497805,0.556,street,geocoded
80,790 college parkway colchester vt 05401,College St,05401,South Burlington,VT,44.477771,-73.200606,0.561,street,geocoded
132,850 enterprise parkway ste 1400 hampton va 23666,Cindy Ct,23666,Hampton,VA,37.056151,-76.440865,0.561,street,geocoded
1,1 perkins square akron oh 44308,Perkins St,44304,NA,NA,41.085673,-81.51012,0.582,street,geocoded
288,175 n medical dr salt lake city ut 84132,Medical Dr,84132,Salt Lake City,UT,40.769929,-111.838948,0.59,street,geocoded
122,2100 pfingsten rd glenview il 60026,Pfingsten Rd,60026,Glenview Naval Air Station,IL,42.100273,-87.849094,0.598,street,geocoded
192,1675 highland avenue madison wi 53792,Highland Ave,53792,Madison,WI,43.078605,-89.430543,0.615,street,geocoded
277,3 riverside circle roanoke va 24016,Riverside Blvd SW,24016,Roanoke,VA,37.269573,-79.960067,0.615,street,geocoded
315,179 belle meade rd setauket ny 11733,Belle Mead Rd,11733,East Setauket,NY,40.89495,-73.088596,0.615,street,geocoded
105,2821 michael angelo dr edinburg tx 78539,Michael Blvd,78539,Edinburg,TX,26.280945,-98.199178,0.617,street,geocoded
183,127 s san vicente blvd los angeles ca 90048,S San Vicente Blvd,90048,Los Angeles,CA,34.069558,-118.375192,0.622,street,geocoded
285,4860 y street ste 1700 sacramento ca 95817,X St Y St Aly,95817,Sacramento,CA,38.555524,-121.468259,0.625,street,geocoded
211,909 fulton street se minneapolis mn 55455,Fulton St SE,55414,Minneapolis,MN,44.970245,-93.227112,0.65,street,geocoded
169,5380 s rainbow las vegas nv 89118,S Rainbow,89178,Las Vegas,NV,36.009634,-115.243564,0.656,street,geocoded
210,909 fulton st se minneapolis mn 55455,Fulton St SE,55414,Minneapolis,MN,44.970245,-93.227112,0.656,street,geocoded
300,1825 4th street san francisco ca 94158,4th St,94158,San Francisco,CA,37.768642,-122.390946,0.674,street,geocoded
217,130 2nd st neenah wi 54956,2nd St,54956,Neenah,WI,44.190245,-88.453426,0.676,street,geocoded
338,9600 veterans dr tacoma wa 98493,Veterans Dr SW,98493,Tacoma,WA,47.135986,-122.57589,0.678,street,geocoded
259,1471 5th avenue pittsburgh pa 15213,5th Ave,15213,Pittsburgh,PA,40.437695,-79.972643,0.681,street,geocoded
215,2200 pierce avenue nashville tn 37232,Pierce Ave,37212,NA,NA,36.139688,-86.801216,0.707,street,geocoded
358,medical center blvd winston-salem nc 27157,Medical Center Blvd,27103,NA,NA,36.090261,-80.271501,0.714,street,geocoded
223,478 south johnson st new orleans la 70117,N Johnson St,70117,New Orleans,LA,29.977681,-90.057373,0.721,street,geocoded
30,2200 ne neff rd bend or 97701,NE Neff Rd,97701,Bend,OR,44.065738,-121.275715,0.734,street,geocoded
218,2100 corlies avenue neptune nj 07753,Corlies Ave,07753,Neptune,NJ,40.209846,-74.023437,0.739,street,geocoded
337,9505 steele st s tacoma wa 98444,Steele St S,98444,Tacoma,WA,47.168825,-122.465851,0.741,street,geocoded
339,13330 laurel dr tampa fl 33612,Laurel Dr,33612,Tampa,FL,28.067692,-82.413203,0.741,street,geocoded
274,1000 e broad street richmond va 23298,E Broad St,23298,Richmond,VA,37.539776,-77.432048,0.743,street,geocoded
159,4500 san pablo road south jacksonville fl 32224,San Pablo Rd S,32224,Jacksonville,FL,30.268222,-81.437298,0.744,street,geocoded
158,4500 san pablo rd south jacksonville fl 32224,San Pablo Rd S,32224,Jacksonville,FL,30.268222,-81.437298,0.746,street,geocoded
120,2000 sw archer road gainesville fl 32610,SW Archer Rd,32610,Gainesville,FL,29.639229,-82.343355,0.749,street,geocoded
213,1 stadium dr morgantown wv 26506,Stadium Dr,26506,Morgantown,WV,39.652152,-79.960197,0.756,street,geocoded
240,200 s manchester orange ca 92868,S Manchester Ave,92868,Orange,CA,33.787539,-117.893112,0.763,street,geocoded
163,8605 chambery blvd johnston ia 50131,Chambery Blvd,50131,Johnston,IA,41.661035,-93.736453,0.775,street,geocoded
16,1120 15th st augusta ga 30912,15th St,30912,Augusta,GA,33.471965,-81.9907,0.79,street,geocoded
317,800 e 21st st sioux falls sd 57105,E 21st St,57105,Sioux Falls,SD,43.533528,-96.716298,0.816,street,geocoded
208,one veteran s dr minneapolis mn 55417,Veterans Dr,55417,Minneapolis,MN,44.902394,-93.202206,0.821,street,geocoded
297,400 parnassus ave san francisco ca 94117,Parnassus Ave,94117,San Francisco,CA,37.764136,-122.455552,0.827,street,geocoded
294,8001 frost street san diego ca 92123,Frost St,92123,San Diego,CA,32.800255,-117.155151,0.845,street,geocoded
184,11301 wilshire blvd los angeles ca 90073,Wilshire Blvd,90073,Los Angeles,CA,34.0542,-118.456376,0.848,street,geocoded
182,8700 beverly blvd los angeles ca 90048,Beverly Blvd,90048,Los Angeles,CA,34.075959,-118.37735,0.85,street,geocoded
195,87 mcgregor street manchester nh 03110,McGregor St,03102,NA,NA,42.991471,-71.473685,0.537,range,geocoded
320,249 n grove medical park drive spartanburg sc 29303,Park Dr,29303,Spartanburg,SC,34.967716,-81.948566,0.605,range,geocoded
261,388 zona ind reparada 2 ponce pr 00716,Cll 2,00716,Ponce,PR,18.018859,-66.606067,0.616,range,geocoded
118,2335 e kashian lane fresno ca 93701,E Goshen Ave,93720,NA,NA,36.850069,-119.741534,0.634,range,geocoded
54,41 burlington mall road burlington ma 01805,Burlington Mall Rd,01803,NA,NA,42.486532,-71.206175,0.683,range,geocoded
174,740 south limestone st lexington ky 40536,S Limestone St,40508,NA,NA,38.034275,-84.508596,0.683,range,geocoded
278,200 first st s w rochester mn 55905,1st St W,55985,NA,NA,44.1526,-92.900639,0.732,range,geocoded
279,200 1st st sw rochester mn 55905,1st St SW,55964,NA,NA,44.162944,-92.167057,0.74,range,geocoded
319,2501 w 22nd st sioux falls sd 57117,W 22nd St,57105,NA,NA,43.533046,-96.757561,0.74,range,geocoded
362,55 lake ave north worcester ma 01655,Lake Ave,01604,NA,NA,42.271788,-71.758852,0.746,range,geocoded
363,55 lake avenue north worcester ma 01655,Lake Ave,01604,NA,NA,42.271788,-71.758852,0.746,range,geocoded
55,41 mall rd burlington ma 01805,Mill Rd,01887,NA,NA,42.528661,-71.18021,0.763,range,geocoded
155,601 highway 6 west iowa city ia 52246,US Hwy 6,52246,Iowa City,IA,41.652749,-91.540405,0.782,range,geocoded
134,11958 w broad st henrico va 23233,W Broad St,23233,Richmond,VA,37.656495,-77.627608,0.783,range,geocoded
177,1 children s way little rock ar 72205,Childrens Way,72202,NA,NA,34.743533,-92.291456,0.784,range,geocoded
281,300 university blvd round rock tx 78665,University Blvd,78665,Sandy,TX,30.559835,-97.686378,0.79,range,geocoded
190,41169 goodwin way madera ca 93636,Goodwin Way,93636,Fresno,CA,36.884106,-119.804962,0.794,range,geocoded
14,1365 clifton road building b atlanta ga 30322,Clifton Rd NE,30322,Atlanta,GA,33.7922,-84.32087,0.799,range,geocoded
98,7601 e imperial highway downey ca 90242,E Imperial Hwy,90242,Downey,CA,33.927406,-118.158963,0.804,range,geocoded
13,12 executive park drive ne atlanta ga 30316,Executive Park Dr NE,30329,NA,NA,33.827448,-84.338391,0.805,range,geocoded
24,601 n caroline street baltimore md 21287,N Caroline St,21205,NA,NA,39.297202,-76.59754,0.805,range,geocoded
25,601 n caroline street baltimore md 21287,N Caroline St,21205,NA,NA,39.297202,-76.59754,0.805,range,geocoded
26,601 n caroline street baltimore md 21287,N Caroline St,21205,NA,NA,39.297202,-76.59754,0.805,range,geocoded
63,1215 lee street charlottesville va 22908,Lee St,22903,NA,NA,38.031996,-78.498303,0.805,range,geocoded
64,1204 w main street charlottesville va 22908,W Main St,22980,NA,NA,38.070654,-78.896676,0.805,range,geocoded
83,1020 hitt st columbia mo 65212,Hitt St,65201,NA,NA,38.938728,-92.3253,0.805,range,geocoded
111,736 broadway fargo nd 58122,Broadway,58102,NA,NA,46.883663,-96.787825,0.805,range,geocoded
167,3599 rainbow blvd kansas city ks 66160,Rainbow Blvd,66103,NA,NA,39.060388,-94.61299,0.805,range,geocoded
220,125 paterson st new brunswick nj 08903,Paterson St,08901,NA,NA,40.494602,-74.448148,0.805,range,geocoded
238,4242 farnam st omaha ne 68198,Farnam St,68131,NA,NA,41.25789,-95.976586,0.805,range,geocoded
280,601 elmwood avenue rochester ny 14642,Elmwood Ave,14620,NA,NA,43.124411,-77.623169,0.805,range,geocoded
302,264 calle convento san juan pr 00911,Cll Convento,00912,NA,NA,18.447608,-66.06324,0.805,range,geocoded
306,5880 rand blvd sarasota fl 34239,Rand Blvd,34238,NA,NA,27.264248,-82.458567,0.805,range,geocoded
324,759 chestnut street springfield ma 01109,Chestnut St,01107,NA,NA,42.11904,-72.604067,0.805,range,geocoded
341,1000 w carson st torrance ca 90509,W Carson St,90502,NA,NA,33.831586,-118.29207,0.805,range,geocoded
359,1 medical center blvd winston-salem nc 27157,Medical Center Blvd,27103,NA,NA,36.090261,-80.271501,0.805,range,geocoded
364,1044 belmont avenue youngstown oh 44501,Belmont Ave,44504,NA,NA,41.113678,-80.65566,0.805,range,geocoded
42,165 cambridge street boston ma 02114,Cambridge St,02114,Boston,MA,42.361143,-71.064698,0.806,range,geocoded
73,2211 n oak park avenue chicago il 60707,N Oak Park Ave,60707,Elmwood Park,IL,41.919706,-87.795045,0.812,range,geocoded
205,9200 w wisconsin avenue milwaukee wi 53226,W Wisconsin Ave,53226,Milwaukee,WI,43.038291,-88.027779,0.812,range,geocoded
328,915 n grand blvd st louis mo 63106,N Grand Blvd,63106,Saint Louis,MO,38.641391,-90.229968,0.814,range,geocoded
125,2750 e beltline ne grand rapids mi 49525 grand rapids mi 49525,E Beltline Ave NE,49525,Grand Rapids,MI,43.012409,-85.589989,0.816,range,geocoded
204,9200 w wisconsin ave milwaukee wi 53226,W Wisconsin Ave,53226,Milwaukee,WI,43.038291,-88.027779,0.816,range,geocoded
168,1900 south ave la crosse wi 54601,South Ave,54601,La Crosse,WI,43.795141,-91.247124,0.819,range,geocoded
327,1438 s grand blvd st louis mo 63104,S Grand Blvd,63104,Saint Louis,MO,38.6218,-90.238206,0.819,range,geocoded
331,295 phalen blvd st paul mn 55130,Phalen Blvd,55130,Saint Paul,MN,44.961838,-93.086878,0.82,range,geocoded
115,13601 plantation rd fort myers fl 33912,Plantation Rd,33912,Fort Myers,FL,26.546457,-81.846916,0.821,range,geocoded
352,950 campbell ave west haven ct 06516,Campbell Ave,06516,West Haven,CT,41.284632,-72.957265,0.823,range,geocoded
102,200 trent drive durham nc 27710,Trent,27710,Durham,NC,36.005001,-78.93535,0.825,range,geocoded
330,200 e university avenue st paul mn 55101,University Ave E,55101,Saint Paul,MN,44.95644,-93.095936,0.825,range,geocoded
263,5050 n e hoyt portland or 97213,NE Hoyt St,97213,Portland,OR,45.527144,-122.611856,0.831,range,geocoded
231,710 w 168th street new york ny 10032,W 168th St,10032,New York,NY,40.842273,-73.942326,0.833,range,geocoded
18,1700 n wheeling st aurora co 80045,N Wheeling St,80010,Aurora,CO,39.744455,-104.830983,0.834,range,geocoded
233,90 bergen street suite 8100 newark nj 07103,Bergen St,07103,Newark,NJ,40.741407,-74.191644,0.839,range,geocoded
257,420 e north ave pittsburgh pa 15212,E North Ave,15212,Pittsburgh,PA,40.456413,-80.002024,0.84,range,geocoded
185,300 ucla medical plaza los angeles ca 90095,Medical Plz,90095,Los Angeles,CA,34.064875,-118.446274,0.847,range,geocoded
230,710 west 168th st new york ny 10032,W 168th St,10032,New York,NY,40.842273,-73.942326,0.851,range,geocoded
12,1500 east medical center dr ann arbor mi 48109 ann arbor mi 48109,E Medical Center Dr,48109,Ann Arbor,MI,42.281478,-83.726758,0.854,range,geocoded
142,6560 fannin houston tx 77030,Fannin St,77030,Houston,TX,29.71125,-95.399721,0.854,range,geocoded
99,400 east third st duluth mn 55805,E 3rd St,55805,Duluth,MN,46.792772,-92.096501,0.859,range,geocoded
310,1100 ninth ave seattle wa 98101,9th Ave,98101,Seattle,WA,47.609121,-122.328015,0.859,range,geocoded
295,1100 van ness san francisco ca 94109,Van Ness Ave,94109,San Francisco,CA,37.785699,-122.421289,0.863,range,geocoded
96,3901 beaubien detroit mi 48201,Beaubien St,48201,Detroit,MI,42.351837,-83.053838,0.865,range,geocoded
109,120 e 2nd street erie pa 16507,E 2nd St,16507,Erie,PA,42.134044,-80.086114,0.865,range,geocoded
321,715 s cowley spokane wa 99202,S Cowley St,99202,Spokane,WA,47.649867,-117.40807,0.865,range,geocoded
258,3471 fifth ave pittsburgh pa 15213,5th Ave,15213,Pittsburgh,PA,40.440242,-79.960888,0.868,range,geocoded
29,3619 park east dr beachwood oh 44122,Park East Dr,44122,Beachwood,OH,41.462412,-81.494215,0.869,range,geocoded
65,979 east third st chattanooga tn 37403,E 3rd St,37403,Chattanooga,TN,35.04781,-85.290452,0.872,range,geocoded
156,350 w woodrow wilson jackson ms 39213,W Woodrow Wilson Ave,39213,Jackson,MS,32.326868,-90.194604,0.872,range,geocoded
68,1753 w harrison chicago il 60612,W Harrison St,60612,Chicago,IL,41.87404,-87.670659,0.873,range,geocoded
107,303 s nappanee elkhart in 46514,S Nappanee St,46514,Elkhart,IN,41.681497,-86.003443,0.873,range,geocoded
200,3875 e overland road suite 201 meridian id 83642,E Overland Rd,83642,Meridian,ID,43.59029,-116.344943,0.873,range,geocoded
276,102 highland avenue roanoke va 24013,Highland Ave SE,24013,Roanoke,VA,37.264656,-79.94094,0.874,range,geocoded
140,7200 cambridge street suite 9a houston tx 77030,Cambridge St,77030,Houston,TX,29.701503,-95.391936,0.875,range,geocoded
303,1101-1113 cll 56 se san juan pr 00921,Cll 56 SE,00921,San Juan,PR,18.399621,-66.076035,0.876,range,geocoded
311,4800 sand point way ne seattle wa 98105,Sand Point Way NE,98105,Seattle,WA,47.664441,-122.283218,0.878,range,geocoded
34,1600 7th avenue south birmingham al 35233,7th Ave S,35233,Birmingham,AL,33.503278,-86.805507,0.88,range,geocoded
35,1720 7th avenue south birmingham al 35233,7th Ave S,35233,Birmingham,AL,33.503853,-86.80431,0.88,range,geocoded
124,220 cherry st grand rapids mi 49503,Cherry St SW,49503,Grand Rapids,MI,42.959648,-85.673783,0.882,range,geocoded
33,3105 independence drive suite 105 birmingham al 35209,Independence Dr,35209,Birmingham,AL,33.476479,-86.787149,0.883,range,geocoded
146,610 airport road suite 110 huntsville al 35802,Airport Rd SW,35802,Huntsville,AL,34.691506,-86.56833,0.883,range,geocoded
253,650 e indian school phoenix az 85012,E Indian School Rd,85012,Phoenix,AZ,33.494857,-112.066739,0.883,range,geocoded
333,14445 olive view drive sylmar ca 91342,Olive View Dr,91342,Sylmar,CA,34.324313,-118.446974,0.883,range,geocoded
360,1573 w fairbanks ave suite 210 winter park fl 32789,W Fairbanks Ave,32789,Winter Park,FL,28.593228,-81.370687,0.883,range,geocoded
8,850 s 5th street allentown pa 18103,S 5th St,18103,Allentown,PA,40.593608,-75.463714,0.884,range,geocoded
50,6323 7th ave brooklyn ny 11220,7th Ave,11220,Brooklyn,NY,40.635368,-74.013154,0.884,range,geocoded
323,751 n rutledge springfield il 62702,N Rutledge St,62702,Springfield,IL,39.809189,-89.657482,0.884,range,geocoded
108,120 e 2nd st erie pa 16507,E 2nd St,16507,Erie,PA,42.134044,-80.086114,0.885,range,geocoded
201,1150 nw 14th street miami fl 33136,NW 14th St,33136,Miami,FL,25.78754,-80.214362,0.885,range,geocoded
175,2631 s 70th street lincoln ne 68506,S 70th St,68506,Lincoln,NE,40.786521,-96.625256,0.886,range,geocoded
322,911 w 5th avenue spokane wa 99204,W 5th Ave,99204,Spokane,WA,47.651322,-117.425044,0.886,range,geocoded
326,1 hayden bridge way springfield or 97477,Hayden Bridge Way,97477,Springfield,OR,44.07088,-123.030016,0.888,range,geocoded
17,13123 e 16th avenue aurora co 80045,E 16th Ave,80045,Aurora,CO,39.740836,-104.835033,0.889,range,geocoded
32,801 n 29th street billings mt 59101,N 29th St,59101,Billings,MT,45.787138,-108.512363,0.889,range,geocoded
197,14500 99th avenue north maple grove mn 55369,99th Ave N,55369,Maple Grove,MN,45.134787,-93.466497,0.889,range,geocoded
209,2512 s 7th street minneapolis mn 55454,S 7th St,55454,Minneapolis,MN,44.966657,-93.235536,0.889,range,geocoded
226,301 e 17th street new york ny 10003,E 17th St,10003,New York,NY,40.733923,-73.982753,0.889,range,geocoded
229,525 e 71st street new york ny 10021,E 71st St,10021,New York,NY,40.76576,-73.953362,0.889,range,geocoded
251,330 s 9th street philadelphia pa 19107,S 9th St,19107,Philadelphia,PA,39.944916,-75.156626,0.891,range,geocoded
313,500 17th ave seattle wa 98122,17th Ave,98122,Seattle,WA,47.606174,-122.310251,0.891,range,geocoded
298,450 6th ave san francisco ca 94118,6th Ave,94118,San Francisco,CA,37.780016,-122.464139,0.893,range,geocoded
95,3600 30th st des moines ia 50310,30th St,50310,Des Moines,IA,41.628134,-93.65882,0.894,range,geocoded
270,335-r prairie avenue providence ri 02905,Prairie Ave,02905,Providence,RI,41.805228,-71.414785,0.894,range,geocoded
318,1600 w 22nd street sioux falls sd 57105,W 22nd St,57105,Sioux Falls,SD,43.533044,-96.745003,0.897,range,geocoded
305,99 monticello rd san rafael ca 94903,Montecillo Rd,94903,San Rafael,CA,38.004226,-122.553861,0.898,range,geocoded
147,355 w 16th street indianapolis in 46202,W 16th St,46202,Indianapolis,IN,39.788291,-86.164657,0.899,range,geocoded
19,12605 e 16th ave aurora co 80045,E 16th Ave,80045,Aurora,CO,39.741438,-104.84214,0.902,range,geocoded
145,1 john marshall dr huntington wv 25755,John Marshall St,25755,Huntington,WV,38.422463,-82.429891,0.902,range,geocoded
133,25965 s normandie ave harbor city ca 90710,Normandie Ave,90710,Harbor City,CA,33.787049,-118.297558,0.903,range,geocoded
202,1150 nw 14th st miami fl 33136,NW 14th St,33136,Miami,FL,25.78754,-80.214362,0.905,range,geocoded
157,580 west 8th st jacksonville fl 32209,W 8th St,32209,Jacksonville,FL,30.346449,-81.663278,0.907,range,geocoded
31,801 n 29th st billings mt 59101,N 29th St,59101,Billings,MT,45.787138,-108.512363,0.908,range,geocoded
85,555 s 18th st columbus oh 43205,S 18th St,43205,Columbus,OH,39.953276,-82.976511,0.908,range,geocoded
228,525 east 71st st new york ny 10021,E 71st St,10021,New York,NY,40.76576,-73.953362,0.908,range,geocoded
114,1931 ne 47th street fort lauderdale fl 33308,NE 47th St,33308,Fort Lauderdale,FL,26.185171,-80.120346,0.91,range,geocoded
267,3710 sw u s veterans hospital rd portland or 97239,SW US Veterans Hospital Rd,97239,Portland,OR,45.496468,-122.684463,0.913,range,geocoded
148,1481 w 10th st indianapolis in 46202,W 10th St,46202,Indianapolis,IN,39.779651,-86.187737,0.915,range,geocoded
150,355 west 16th st indianapolis in 46202,W 16th St,46202,Indianapolis,IN,39.788291,-86.164657,0.915,range,geocoded
9,1210 s cedar crest blvd allentown pa 18103,S Cedar Crest Blvd,18103,Allentown,PA,40.566961,-75.518713,0.918,range,geocoded
57,194 finley gold course rd chapel hill nc 27517,Finley Golf Course Rd,27517,Chapel Hill,NC,35.904636000000004,-79.01875,0.921,range,geocoded
88,6080 north central expressway dallas tx 75206,N Central Expy,75206,Dallas,TX,32.840922,-96.775625,0.921,range,geocoded
48,130 west kingsbridge rd bronx ny 10468,W Kingsbridge Rd,10468,Bronx,NY,40.869124,-73.902978,0.922,range,geocoded
271,645 n arlington ave reno nv 89503,N Arlington Ave,89503,Reno,NV,39.532397,-119.819183,0.922,range,geocoded
246,200 e pennsylvania avenue peoria il 61603,E Pennsylvania Ave,61603,Peoria,IL,40.705151,-89.591548,0.923,range,geocoded
344,1919 s wheeling avenue tulsa ok 74104,S Wheeling Ave,74104,Tulsa,OK,36.134926,-95.964559,0.924,range,geocoded
3,47 new scotland avenue albany ny 12208,New Scotland Ave,12208,Albany,NY,42.652623,-73.775126,0.925,range,geocoded
21,6811 austin center blvd austin tx 78731,Austin Center Blvd,78731,Austin,TX,30.350062,-97.750842,0.926,range,geocoded
89,2350 n stemmons freeway dallas tx 75207,N Stemmons Fwy,75207,Dallas,TX,32.805642,-96.837385,0.926,range,geocoded
266,3101 sw sam jackson park road portland or 97239,SW Sam Jackson Park Rd,97239,Portland,OR,45.500121,-122.684713,0.926,range,geocoded
37,600 n robbins road boise id 83702,N Robbins Rd,83702,Boise,ID,43.616236,-116.193102,0.927,range,geocoded
38,600 n robbins road boise id 83702,N Robbins Rd,83702,Boise,ID,43.616236,-116.193102,0.927,range,geocoded
40,100 e idaho street boise id 83712,E Idaho St,83712,Boise,ID,43.610991,-116.19247,0.927,range,geocoded
41,800 washington street boston ma 02111,Washington St,02111,Boston,MA,42.350316,-71.063359,0.927,range,geocoded
90,5303 harry hines blvd dallas tx 75390,Harry Hines Blvd,75390,Dallas,TX,32.812521,-96.838234,0.928,range,geocoded
232,180 fort washington avenue new york ny 10032,Fort Washington Ave,10032,New York,NY,40.841426,-73.942612,0.928,range,geocoded
237,4239 farnam street omaha ne 68131,Farnam St,68131,Omaha,NE,41.25774,-95.976551,0.928,range,geocoded
265,3181 sw sam jackson park rd portland or 97239,SW Sam Jackson Park Rd,97239,Portland,OR,45.499943,-122.68488,0.928,range,geocoded
340,2150 w central avenue toledo oh 43606,W Central Ave,43606,Toledo,OH,41.677811,-83.595763,0.928,range,geocoded
346,610 n lincoln avenue urbana il 61801,N Lincoln Ave,61801,Urbana,IL,40.117414,-88.21931,0.928,range,geocoded
15,1001 johnson ferry road atlanta ga 30342,Johnson Ferry Rd,30342,Atlanta,GA,33.907876,-84.354984,0.929,range,geocoded
44,300 longwood avenue boston ma 02115,Longwood Ave,02115,Boston,MA,42.337956,-71.105594,0.929,range,geocoded
86,8000 centerview parkway cordova tn 38018,Centerview Pkwy,38018,Cordova,TN,35.128277,-89.796088,0.929,range,geocoded
234,850 southampton avenue norfolk va 23510,Southampton Ave,23510,Norfolk,VA,36.858033,-76.305086,0.929,range,geocoded
39,161 e mallard dr boise id 83706,E Mallard Dr,83706,Boise,ID,43.595732,-116.182453,0.93,range,geocoded
47,1515 blondell ave bronx ny 10461,Blondell Ave,10461,Bronx,NY,40.845491,-73.845058,0.93,range,geocoded
67,675 n st clair street chicago il 60611,N St Clair St,60611,Chicago,IL,41.894157,-87.622734,0.93,range,geocoded
69,1725 w harrison street chicago il 60612,W Harrison St,60612,Chicago,IL,41.874058,-87.670121,0.93,range,geocoded
189,3351 northside dr macon ga 31210,Northside Dr,31210,Macon,GA,32.893548,-83.682624,0.93,range,geocoded
66,225 e chicago avenue chicago il 60611,E Chicago Ave,60611,Chicago,IL,41.896688,-87.622252,0.931,range,geocoded
2,19 warehouse row albany ny 12205,Warehouse Row,12205,Albany,NY,42.702865,-73.826265,0.932,range,geocoded
4,391 myrtle avenue albany ny 12208,Myrtle Ave,12208,Albany,NY,42.653389,-73.774078,0.932,range,geocoded
22,7901 metropolis dr austin tx 78744,Metropolis Dr,78744,Austin,TX,30.207032,-97.694499,0.932,range,geocoded
46,330 brookline ave boston ma 02215,Brookline Ave,02215,Boston,MA,42.33979,-71.106148,0.932,range,geocoded
70,1801 w taylor street chicago il 60612,W Taylor St,60612,Chicago,IL,41.869193,-87.671417,0.932,range,geocoded
91,100 north academy ave danville pa 17822,N Academy Ave,17822,Danville,PA,40.96844,-76.601492,0.932,range,geocoded
193,600 highland avenue madison wi 53792,Highland Ave,53792,Madison,WI,43.077101999999996,-89.429089,0.932,range,geocoded
216,1211 medical center drive nashville tn 37232,Medical Center Dr,37232,Nashville,TN,36.1427,-86.801322,0.932,range,geocoded
239,501 s main street orange ca 92868,S Main St,92868,Orange,CA,33.780327,-117.86729,0.932,range,geocoded
242,13535 nemours parkway orlando fl 32827,Nemours Pkwy,32827,Orlando,FL,28.375087,-81.274516,0.932,range,geocoded
312,1660 s columbian way seattle wa 98108,S Columbian Way,98108,Seattle,WA,47.562132,-122.311179,0.932,range,geocoded
342,2600 n wyatt drive tucson az 85712,N Wyatt Dr,85712,Tucson,AZ,32.254664,-110.882054,0.932,range,geocoded
345,901 san bernardino road upland ca 91786,San Bernardino Rd,91786,San Antonio Heights,CA,34.099952,-117.639428,0.932,range,geocoded
20,4900 mueller blvd austin tx 78723,Mueller Blvd,78723,Austin,TX,30.301203,-97.705811,0.933,range,geocoded
45,60 fenwood road boston ma 02115,Fenwood Rd,02115,Boston,MA,42.33507,-71.107646,0.933,range,geocoded
53,3980 sheridan drive buffalo ny 14226,Sheridan Dr,14226,Buffalo,NY,42.978883,-78.786496,0.933,range,geocoded
58,194 finley golf course road chapel hill nc 27517,Finley Golf Course Rd,27517,Chapel Hill,NC,35.904636000000004,-79.01875,0.933,range,geocoded
61,1010 edgehill road north charlotte nc 28207,Edgehill Rd N,28207,Charlotte,NC,35.202563,-80.833234,0.933,range,geocoded
71,1801 west taylor st chicago il 60612,W Taylor St,60612,Chicago,IL,41.869193,-87.671417,0.933,range,geocoded
72,5841 s maryland ave chicago il 60637,S Maryland Ave,60637,Chicago,IL,41.788786,-87.604868,0.933,range,geocoded
92,100 n academy avenue danville pa 17822,N Academy Ave,17822,Danville,PA,40.96844,-76.601492,0.934,range,geocoded
138,321 n kuakini street honolulu hi 96817,N Kuakini St,96817,Honolulu,HI,21.321872,-157.855989,0.934,range,geocoded
203,9000 w wisconsin avenue milwaukee wi 53226,W Wisconsin Ave,53226,Milwaukee,WI,43.038599,-88.021274,0.934,range,geocoded
301,275 hospital parkway san jose ca 95119,Hospital Pkwy,95119,San Jose,CA,37.239309,-121.802741,0.934,range,geocoded
10,2205 commonwealth blvd ann arbor mi 48105,Commonwealth Blvd,48105,Ann Arbor,MI,42.307187,-83.696158,0.935,range,geocoded
11,325 e eisenhower pkwy ann arbor mi 48108,E Eisenhower Pkwy,48108,Ann Arbor,MI,42.244171,-83.738173,0.935,range,geocoded
49,450 clarkson avenue brooklyn ny 11203,Clarkson Ave,11203,Brooklyn,NY,40.655656,-73.945475,0.935,range,geocoded
78,2500 metrohealth drive cleveland oh 44109,Metrohealth Dr,44109,Cleveland,OH,41.462374,-81.69893,0.935,range,geocoded
100,932 morreene rd durham nc 27705,Morreene Rd,27705,Durham,NC,36.009159,-78.954744,0.935,range,geocoded
143,6560 fannin street houston tx 77030,Fannin St,77030,Houston,TX,29.71125,-95.399721,0.935,range,geocoded
144,6701 fannin street houston tx 77030,Fannin St,77030,Houston,TX,29.707438,-95.402695,0.935,range,geocoded
191,700 s park street madison wi 53715,S Park St,53715,Madison,WI,43.059889,-89.400754,0.935,range,geocoded
199,600 jefferson ave memphis tn 38105,Jefferson Ave,38105,Memphis,TN,35.143581,-90.038067,0.935,range,geocoded
206,5000 west national ave milwaukee wi 53295,W National Ave,53295,Milwaukee,WI,43.020277,-87.972058,0.935,range,geocoded
255,1919 e thomas road phoenix az 85016,E Thomas Rd,85016,Phoenix,AZ,33.480202,-112.040771,0.935,range,geocoded
314,1959 ne pacific st seattle wa 98195,NE Pacific St,98195,Seattle,WA,47.650626,-122.308165,0.935,range,geocoded
351,2150 pennsylvania ave nw washington dc 20037,Pennsylvania Ave NW,20037,Washington,DC,38.901638,-77.047641,0.935,range,geocoded
82,404 n keene street columbia mo 65201,N Keene St,65201,Columbia,MO,38.957123,-92.289554999999993,0.936,range,geocoded
127,1821 s webster avenue green bay wi 54301,S Webster Ave,54301,Green Bay,WI,44.488534,-88.018754,0.936,range,geocoded
128,1821 s webster avenue green bay wi 54301,S Webster Ave,54301,Green Bay,WI,44.488534,-88.018754,0.936,range,geocoded
221,1 long wharf drive new haven ct 06511,Long Wharf Dr,06511,New Haven,CT,41.288388,-72.9274,0.936,range,geocoded
264,3303 sw bond avenue portland or 97239,SW Bond Ave,97239,Portland,OR,45.499259,-122.670846,0.936,range,geocoded
273,11958 w broad street richmond va 23233,W Broad St,23233,Richmond,VA,37.656495,-77.627608,0.936,range,geocoded
350,111 michigan avenue nw washington dc 20010,Michigan Ave NW,20010,Washington,DC,38.926348,-77.012345,0.936,range,geocoded
43,15 parkman st boston ma 02114,Parkman St,02114,Boston,MA,42.362237,-71.067943,0.937,range,geocoded
94,1400 jackson st denver co 80206,Jackson St,80206,Denver,CO,39.738325,-104.942886,0.937,range,geocoded
101,3000 erwin road durham nc 27705,Erwin Rd,27705,Durham,NC,36.005067,-78.948991,0.937,range,geocoded
112,505 farmington avenue farmington ct 06032,Farmington Ave,06032,Farmington,CT,41.727290000000004,-72.802876,0.937,range,geocoded
160,150 south huntington avenue jamaica plain ma 02130,S Huntington Ave,02130,Jamaica Plain,MA,42.327823,-71.110765,0.937,range,geocoded
176,4301 west markham street little rock ar 72205,W Markham St,72205,Little Rock,AR,34.751487,-92.32036,0.937,range,geocoded
187,401 e chestnut street louisville ky 40202,E Chestnut St,40202,Louisville,KY,38.247791,-85.747193,0.937,range,geocoded
194,600 highland ave madison wi 53792,Highland Ave,53792,Madison,WI,43.077101999999996,-89.429089,0.937,range,geocoded
336,1617 s j street tacoma wa 98405,S J St,98405,Tacoma,WA,47.246846,-122.449016,0.937,range,geocoded
348,3800 reservoir road nw washington dc 20007,Reservoir Rd NW,20007,Washington,DC,38.912589,-77.074327,0.937,range,geocoded
5,1127 university blvd ne albuquerque nm 87102,University Blvd NE,87102,Albuquerque,NM,35.092457,-106.625648,0.938,range,geocoded
52,1001 main street buffalo ny 14203,Main St,14203,Buffalo,NY,42.901067,-78.869317,0.938,range,geocoded
76,10180 se sunnyside rd clackamas or 97015,SE Sunnyside Rd,97015,Clackamas,OR,45.433384,-122.560397,0.938,range,geocoded
84,543 taylor avenue columbus oh 43203,Taylor Ave,43203,Columbus,OH,39.978707,-82.96099,0.938,range,geocoded
106,4801 alberta ave el paso tx 79905,Alberta Ave,79905,El Paso,TX,31.773114,-106.43695,0.938,range,geocoded
149,705 riley hospital drive indianapolis in 46202,Riley Hospital Dr,46202,Indianapolis,IN,39.777232,-86.181306,0.938,range,geocoded
173,18 old etna rd lebanon nh 03766,Old Etna Rd,03766,Lebanon,NH,43.655929,-72.250084,0.938,range,geocoded
254,240 w thomas rd phoenix az 85013,W Thomas Rd,85013,Phoenix,AZ,33.480364,-112.076902,0.938,range,geocoded
256,4545 e shea blvd phoenix az 85028,E Shea Blvd,85028,Phoenix,AZ,33.582582,-111.984553,0.938,range,geocoded
286,100 east carroll st salisbury md 21801,E Carroll St,21801,Salisbury,MD,38.363139,-75.597749,0.938,range,geocoded
293,4510 executive drive san diego ca 92121,Executive Dr,92121,San Diego,CA,32.875836,-117.210015,0.938,range,geocoded
334,750 east adams st syracuse ny 13210,E Adams St,13210,Syracuse,NY,43.042685,-76.140546,0.938,range,geocoded
119,3009 sw williston road gainesville fl 32608,SW Williston Rd,32608,Gainesville,FL,29.607409,-82.365628,0.939,range,geocoded
196,2800 e broad street mansfield tx 76063,E Broad St,76063,Mansfield,TX,32.56933,-97.095425,0.939,range,geocoded
224,200 henry clay avenue new orleans la 70118,Henry Clay Ave,70118,New Orleans,LA,29.917703,-90.1271,0.939,range,geocoded
121,1365 s germantown rd germantown tn 38138,S Germantown Rd,38138,Germantown,TN,35.1118,-89.80244,0.94,range,geocoded
123,100 michigan street ne grand rapids mi 49503,Michigan St NE,49503,Grand Rapids,MI,42.970508,-85.666541,0.94,range,geocoded
136,30 hope drive hershey pa 17033,Hope Dr,17033,Hershey,PA,40.268385,-76.662198,0.94,range,geocoded
23,827 linden avenue baltimore md 21201,Linden Ave,21201,Baltimore,MD,39.300307,-76.620959,0.941,range,geocoded
74,151 w galbraith rd cincinnati oh 45216,W Galbraith Rd,45216,Cincinnati,OH,39.213316,-84.478151,0.941,range,geocoded
81,1020 hitt street columbia mo 65201,Hitt St,65201,Columbia,MO,38.938728,-92.3253,0.941,range,geocoded
139,3288 moanalua rd honolulu hi 96819,Moanalua Rd,96819,Honolulu,HI,21.362312,-157.900995,0.941,range,geocoded
151,200 hawkins drive iowa city ia 52242,Hawkins Dr,52242,Iowa City,IA,41.657238,-91.54985,0.941,range,geocoded
153,200 hawkins drive iowa city ia 52242,Hawkins Dr,52242,Iowa City,IA,41.657238,-91.54985,0.941,range,geocoded
154,200 hawkins drive iowa city ia 52242,Hawkins Dr,52242,Iowa City,IA,41.657238,-91.54985,0.941,range,geocoded
161,1401 jefferson hwy jefferson la 70121,Jefferson Hwy,70121,Jefferson,LA,29.962876,-90.144294,0.941,range,geocoded
248,3400 civic center blvd philadelphia pa 19104,Civic Center Blvd,19104,Philadelphia,PA,39.948447,-75.192176,0.941,range,geocoded
249,3500 civic center blvd philadelphia pa 19104,Civic Center Blvd,19104,Philadelphia,PA,39.94731,-75.194872,0.941,range,geocoded
282,16040 park valley dr round rock tx 78681,Park Valley Dr,78681,Round Rock,TX,30.512238,-97.713134,0.941,range,geocoded
292,200 west arbor dr san diego ca 92103,W Arbor Dr,92103,San Diego,CA,32.753821,-117.165548,0.941,range,geocoded
131,15 valley drive greenwich ct 06831,Valley Dr,06831,Greenwich,CT,41.019251,-73.64545,0.942,range,geocoded
170,351 n buffalo dr las vegas nv 89145,N Buffalo Dr,89145,Las Vegas,NV,36.176272,-115.25992,0.942,range,geocoded
289,333 n santa rosa st san antonio tx 78207,N Santa Rosa St,78207,San Antonio,TX,29.428129,-98.497838,0.942,range,geocoded
353,300 polaris parkway westerville oh 43082,Polaris Pkwy,43082,Westerville,OH,40.146683,-82.936565,0.942,range,geocoded
117,1500 cooper street fort worth tx 76104,Cooper St,76104,Fort Worth,TX,32.736506,-97.342007,0.943,range,geocoded
126,611 northern blvd great neck ny 11021,Northern Blvd,11021,Great Neck,NY,40.781776,-73.717383,0.943,range,geocoded
141,6550 fannin st houston tx 77030,Fannin St,77030,Houston,TX,29.711339,-95.399659,0.943,range,geocoded
186,401 e chestnut st louisville ky 40202,E Chestnut St,40202,Louisville,KY,38.247791,-85.747193,0.943,range,geocoded
188,411 e chestnut st louisville ky 40202,E Chestnut St,40202,Louisville,KY,38.247843,-85.747021,0.943,range,geocoded
241,32 w gore st orlando fl 32806,W Gore St,32806,Orlando,FL,28.531141,-81.377492,0.943,range,geocoded
296,2324 sacramento street san francisco ca 94115,Sacramento St,94115,San Francisco,CA,37.790275,-122.431068,0.943,range,geocoded
308,7242 e osborn road scottsdale az 85251,E Osborn Rd,85251,Scottsdale,AZ,33.487728,-111.925637,0.943,range,geocoded
316,1606 kings highway shreveport la 71103,Kings Hwy,71103,Shreveport,LA,32.481923,-93.76363,0.943,range,geocoded
355,3450 n rock rd wichita ks 67226,N Rock Rd,67226,Wichita,KS,37.745369,-97.244518,0.943,range,geocoded
357,1600 rockland road wilmington de 19803,Rockland Rd,19803,Wilmington,DE,39.788635,-75.56691,0.943,range,geocoded
222,2025 gravier street new orleans la 70112,Gravier St,70112,New Orleans,LA,29.957333,-90.083988,0.944,range,geocoded
245,3801 miranda ave palo alto ca 94304,Miranda Ave,94304,Palo Alto,CA,37.40288,-122.14184,0.944,range,geocoded
335,800 irving ave syracuse ny 13210,Irving Ave,13210,Syracuse,NY,43.039428,-76.138018,0.944,range,geocoded
60,135 rutledge ave charleston sc 29425,Rutledge Ave,29425,Charleston,SC,32.784104,-79.944576,0.945,range,geocoded
104,4 technology drive east setauket ny 11733,Technology Dr,11733,East Setauket,NY,40.896767,-73.08781,0.945,range,geocoded
180,1505 n edgemont st los angeles ca 90027,N Edgemont St,90027,Los Angeles,CA,34.098165,-118.296196,0.945,range,geocoded
198,1000 n oak avenue marshfield wi 54449,N Oak Ave,54449,Marshfield,WI,44.676239,-90.176661,0.945,range,geocoded
236,4401 s western avenue oklahoma city ok 73109,S Western Ave,73109,Oklahoma City,OK,35.420749,-97.530225,0.945,range,geocoded
290,7400 merton minter san antonio tx 78229,Merton Minter,78229,San Antonio,TX,29.508422,-98.580964,0.945,range,geocoded
291,8300 floyd curl dr san antonio tx 78229,Floyd Curl Dr,78229,San Antonio,TX,29.514646,-98.58056,0.945,range,geocoded
79,9500 euclid ave cleveland oh 44195,Euclid Ave,44195,Cleveland,OH,41.5034,-81.622963,0.946,range,geocoded
87,3533 s alameda street corpus christi tx 78411,S Alameda St,78411,Corpus Christi,TX,27.748217,-97.384245,0.946,range,geocoded
152,200 hawkins dr iowa city ia 52242,Hawkins Dr,52242,Iowa City,IA,41.657238,-91.54985,0.946,range,geocoded
243,730 welch road palo alto ca 94304,Welch Rd,94304,Palo Alto,CA,37.43738,-122.17499,0.946,range,geocoded
252,3509 n broad street philadelphia pa 19140,N Broad St,19140,Philadelphia,PA,40.006277,-75.151826,0.946,range,geocoded
262,200 belle terre road port jefferson ny 11777,Belle Terre Rd,11777,Port Jefferson,NY,40.947815,-73.060338,0.946,range,geocoded
130,200 patewood dr greenville sc 29615,Patewood Dr,29615,Greenville,SC,34.853696,-82.326342,0.947,range,geocoded
166,3599 rainbow blvd kansas city ks 66103,Rainbow Blvd,66103,Kansas City,KS,39.060388,-94.61299,0.947,range,geocoded
178,11370 anderson st loma linda ca 92354,Anderson St,92354,Loma Linda,CA,34.047154,-117.26121,0.947,range,geocoded
181,1520 san pablo st los angeles ca 90033,San Pablo St,90033,Los Angeles,CA,34.062593,-118.203039,0.947,range,geocoded
260,4401 penn avenue pittsburgh pa 15224,Penn Ave,15224,Pittsburgh,PA,40.465931,-79.95356,0.947,range,geocoded
268,593 eddy street providence ri 02903,Eddy St,02903,Providence,RI,41.81172,-71.40713,0.947,range,geocoded
309,13400 e shea blvd scottsdale az 85259,E Shea Blvd,85259,Scottsdale,AZ,33.58241,-111.788901,0.947,range,geocoded
135,30 hope dr hershey pa 17033,Hope Dr,17033,Hershey,PA,40.268385,-76.662198,0.948,range,geocoded
164,1450 scalp ave johnstown pa 15904,Scalp Ave,15904,Johnstown,PA,40.272414,-78.858666,0.949,range,geocoded
179,4650 sunset blvd los angeles ca 90027,Sunset Blvd,90027,Los Angeles,CA,34.09808,-118.290517,0.949,range,geocoded
244,213 quarry rd palo alto ca 94304,Quarry Rd,94304,Palo Alto,CA,37.43952,-122.171051,0.949,range,geocoded
247,3900 woodland ave philadelphia pa 19104,Woodland Ave,19104,Philadelphia,PA,39.949131,-75.203415,0.949,range,geocoded
283,3555 w 13 mile road royal oak mi 48073,W 13 Mile Rd,48073,Royal Oak,MI,42.517703,-83.190241,0.949,range,geocoded
354,41 east post rd white plains ny 10601,E Post Rd,10601,White Plains,NY,41.026149,-73.770038,0.949,range,geocoded
356,620 baltimore dr wilkes-barre pa 18702,Baltimore Dr,18702,Wilkes-Barre,PA,41.253229,-75.806123,0.949,range,geocoded
361,5601 de soto avenue woodland hills ca 91367,de Soto Ave,91367,Woodland Hills,CA,34.170948,-118.588249,0.95,range,geocoded
28,5247 didesse dr baton rouge la 70808,Didesse Dr,70808,Baton Rouge,LA,30.402137,-91.110349,0.951,range,geocoded
56,211 st francis dr cape girardeau mo 63703,St Francis Dr,63703,Cape Girardeau,MO,37.302117,-89.572103,0.951,range,geocoded
113,9985 sierra ave fontana ca 92335,Sierra Ave,92335,South Fontana,CA,34.072252,-117.435597,0.951,range,geocoded
219,2150 corbin ave new britain ct 06053,Corbin Ave,06053,New Britain,CT,41.688367,-72.800549,0.951,range,geocoded
343,2800 e ajo way tucson az 85713,E Ajo Way,85713,South Tucson,AZ,32.177943,-110.932013,0.951,range,geocoded
27,905 union street bangor me 04401,Union St,04401,North Bangor,ME,44.813775,-68.803214,0.954,range,geocoded
51,329 bath rd brunswick me 04011,Bath Rd,04011,Brunswick,ME,43.912796,-69.891256,0.954,range,geocoded
165,601 john st kalamazoo mi 49007,John St,49007,Kalamazoo,MI,42.286176,-85.581372,0.954,range,geocoded
299,4150 clement st san francisco ca 94121,Clement St,94121,San Francisco,CA,37.781127,-122.50416,0.955,range,geocoded
307,92 campus drive scarborough me 04074,Campus Dr,04074,North Scarborough,ME,43.600907,-70.318897,0.955,range,geocoded
225,2400 canal st new orleans la 70119,Canal St,70119,New Orleans,LA,29.963237,-90.084052,0.956,range,geocoded
250,909 walnut st philadelphia pa 19107,Walnut St,19107,Philadelphia,PA,39.948414,-75.156193,0.956,range,geocoded
36,549 fair st bloomsburg pa 17815,Fair St,17815,Bloomsburg,PA,41.008597,-76.453123,0.957,range,geocoded
97,2799 west grand blvd k11-neurology detroit mi 48202 detroit mi 48202,W Grand Blvd,48202,Detroit,MI,42.366903,-83.082583,0.958,range,geocoded
59,109 bee st charleston sc 29401,Bee St,29401,Charleston,SC,32.785073,-79.953808,0.96,range,geocoded
272,1268 lee blvd richland wa 99352,Lee Blvd,99352,West Richland,WA,46.274915,-119.279751,0.96,range,geocoded
284,4860 y st sacramento ca 95817,Y St,95817,Sacramento,CA,38.552554,-121.448952,0.967,range,geocoded
